Date,Title,Link,Matched Terms,Inline Links
2026-02-18,Dell RecoverPoint for VMs Zero-Day CVE-2026-22769 Exploited Since Mid-2024,https://thehackernews.com/2026/02/dell-recoverpoint-for-vms-zero-day-cve.html,CVE-2026-22769,
2026-02-18,CISA Flags Four Security Flaws Under Active Exploitation in Latest KEV Update,https://thehackernews.com/2026/02/cisa-flags-four-security-flaws-under.html,CVE-2026-2441,
2026-02-17,My Day Getting My Hands Dirty with an NDR System,https://thehackernews.com/2026/02/my-day-getting-my-hands-dirty-with-ndr.html,hunting,
2026-02-16,New Chrome Zero-Day (CVE-2026-2441) Under Active Attack — Patch Released,https://thehackernews.com/2026/02/new-chrome-zero-day-cve-2026-2441-under.html,CVE-2026-2441,
2026-02-12,Lazarus Campaign Plants Malicious Packages in npm and PyPI Ecosystems,https://thehackernews.com/2026/02/lazarus-campaign-plants-malicious.html,lazarus,
2026-02-12,"Apple Fixes Exploited Zero-Day Affecting iOS, macOS, and Other Devices",https://thehackernews.com/2026/02/apple-fixes-exploited-zero-day.html,CVE-2026-20700,
2026-02-18,Dell RecoverPoint for VMs Zero-Day CVE-2026-22769 Exploited Since Mid-2024,https://thehackernews.com/2026/02/dell-recoverpoint-for-vms-zero-day-cve.html,CVE-2026-22769,
2026-02-18,CISA Flags Four Security Flaws Under Active Exploitation in Latest KEV Update,https://thehackernews.com/2026/02/cisa-flags-four-security-flaws-under.html,CVE-2026-2441,
2026-02-17,My Day Getting My Hands Dirty with an NDR System,https://thehackernews.com/2026/02/my-day-getting-my-hands-dirty-with-ndr.html,hunting,
2026-02-16,New Chrome Zero-Day (CVE-2026-2441) Under Active Attack — Patch Released,https://thehackernews.com/2026/02/new-chrome-zero-day-cve-2026-2441-under.html,CVE-2026-2441,
2026-02-12,Lazarus Campaign Plants Malicious Packages in npm and PyPI Ecosystems,https://thehackernews.com/2026/02/lazarus-campaign-plants-malicious.html,lazarus,
2026-02-12,"Apple Fixes Exploited Zero-Day Affecting iOS, macOS, and Other Devices",https://thehackernews.com/2026/02/apple-fixes-exploited-zero-day.html,CVE-2026-20700,
2026-02-10,"Patch Tuesday, February 2026 Edition",https://krebsonsecurity.com/2026/02/patch-tuesday-february-2026-edition/,"CVE-2026-21509, CVE-2026-21510, CVE-2026-21513, CVE-2026-21514, CVE-2026-21519, CVE-2026-21525, CVE-2026-21533, cve-2026-21510, cve-2026-21513, cve-2026-21514, cve-2026-21533, cve-2026-21519, cve-2026-21525, cve-2026-21509",CVE-2026-21510->https://msrc.microsoft.com/update-guide/en-US/advisory/CVE-2026-21510 | CVE-2026-21513->https://msrc.microsoft.com/update-guide/en-US/advisory/CVE-2026-21513 | CVE-2026-21514->https://msrc.microsoft.com/update-guide/en-US/advisory/CVE-2026-21514 | CVE-2026-21533->https://msrc.microsoft.com/update-guide/en-US/advisory/CVE-2026-21533 | CVE-2026-21519->https://msrc.microsoft.com/update-guide/en-US/advisory/CVE-2026-21519 | CVE-2026-21525->https://msrc.microsoft.com/update-guide/vulnerability/CVE-2026-21525 | CVE-2026-21509->https://msrc.microsoft.com/update-guide/en-US/advisory/CVE-2026-21509
2026-02-02,Please Don’t Feed the Scattered Lapsus ShinyHunters,https://krebsonsecurity.com/2026/02/please-dont-feed-the-scattered-lapsus-shiny-hunters/,Phish,
2026-01-26,Who Operates the Badbox 2.0 Botnet?,https://krebsonsecurity.com/2026/01/who-operates-the-badbox-2-0-botnet/,hunting,
2026-02-19,Best-in-Class 'Starkiller' Phishing Kit Bypasses MFA,https://www.darkreading.com/threat-intelligence/starkiller-phishing-kit-mfa,Phish,
2026-02-20,BeyondTrust Vulnerability Exploited in Ransomware Attacks,https://www.securityweek.com/beyondtrust-vulnerability-exploited-in-ransomware-attacks/,CVE-2026-1731,
2026-02-19,OpenClaw Security Issues Continue as SecureClaw Open Source Tool Debuts,https://www.securityweek.com/openclaw-security-issues-continue-as-secureclaw-open-source-tool-debuts/,OpenAI,
2026-02-20,"651 arrested, $4.3 million recovered in African cybercrime sweep",https://www.helpnetsecurity.com/2026/02/20/interpol-operation-red-card-2-0-africa-cybercrime/,Phish,
2026-02-20,"FBI warns of surge in ATM Jackpotting, $20 Million lost in 2025",https://securityaffairs.com/188281/cyber-crime/fbi-warns-of-surge-in-atm-jackpotting-20-million-lost-in-2025.html,IOC,
2026-02-20,"Red Card 2.0: INTERPOL busts scam networks across Africa, seizes millions",https://securityaffairs.com/188272/cyber-crime/red-card-2-0-interpol-busts-scam-networks-across-africa-seizes-millions.html,Phish,
2026-02-20,PromptSpy abuses Gemini AI to gain persistent access on Android,https://securityaffairs.com/188261/ai/promptspy-abuses-gemini-ai-to-gain-persistent-access-on-android.html,Phish,
2026-02-19,U.S. CISA adds Dell RecoverPoint and GitLab flaws to its Known Exploited Vulnerabilities catalog,https://securityaffairs.com/188243/hacking/u-s-cisa-adds-dell-recoverpoint-and-gitlab-flaws-to-its-known-exploited-vulnerabilities-catalog.html,"CVE-2020-7796, CVE-2021-22175, CVE-2026-22769, cve-2021-22175, cve-2026-22769, cve-2020-7796",CVE-2021-22175->https://www.cve.org/CVERecord?id=CVE-2021-22175 | CVE-2026-22769->https://www.cve.org/CVERecord?id=CVE-2026-22769 | CVE-2021-22175->https://securityaffairs.com/175344/hacking/coordinated-surge-exploitation-attempts-ssrf-vulnerabilities.html | CVE-2020-7796->https://securityaffairs.com/175344/hacking/coordinated-surge-exploitation-attempts-ssrf-vulnerabilities.html | CVE-2026-22769->https://securityaffairs.com/188176/apt/china-linked-apt-weaponized-dell-recoverpoint-zero-day-since-2024.html
2026-02-19,CISA alerts to critical auth bypass CVE-2026-1670 in Honeywell CCTVs,https://securityaffairs.com/188234/security/cisa-alerts-to-critical-auth-bypass-cve-2026-1670-in-honeywell-cctvs.html,Phish,
2026-02-19,Irish regulator probes X after Grok allegedly generated sexual images of children,https://securityaffairs.com/188226/ai/irish-regulator-probes-x-after-grok-allegedly-generated-sexual-images-of-children.html,Canada,
2026-02-19,Starkiller: New ‘Commercial-Grade’ Phishing Kit Bypasses MFA,https://www.infosecurity-magazine.com/news/starkiller-phishing-kit-bypasses/,Phish,
2026-02-16,Operation DoppelBrand Weaponizes Trusted Brands For Credential Theft,https://www.infosecurity-magazine.com/news/operation-doppelbrand-trusted/,Phish,
2026-02-16,Google Warns of In the Wild Exploit as It Patches New Chrome Zero Day,https://www.infosecurity-magazine.com/news/google-patches-new-in-wild-chrome/,Zero Day,
2026-02-11,Microsoft Fixes Six Zero Day Vulnerability in February Patch Tuesday,https://www.infosecurity-magazine.com/news/microsoft-six-zero-day-feb-2026/,Zero Day,
2026-02-10,Phorpiex Phishing Delivers Low-Noise Global Group Ransomware,https://www.infosecurity-magazine.com/news/phorpiex-phishing-global-group/,Phish,
2026-02-04,AI Drives Doubling of Phishing Attacks in a Year,https://www.infosecurity-magazine.com/news/ai-double-volume-phishing-attacks/,Phish,
2026-02-03,New Password-Stealing Phishing Campaign Targets Corporate Dropbox Credentials,https://www.infosecurity-magazine.com/news/password-stealing-phishing-pdf/,Phish,
2026-01-27,Microsoft Releases Patch for Office Zero Day Amid Evidence of Exploitation,https://www.infosecurity-magazine.com/news/microsoft-patch-office-zero-day/,Zero Day,
2026-01-26,"Okta Flags Customized, Reactive Vishing Attacks Which Bypass MFA",https://www.infosecurity-magazine.com/news/okta-flags-vishing-attacks-which/,"Phish, react",
2026-01-22,Critical Appsmith Flaw Enables Account Takeovers,https://www.infosecurity-magazine.com/news/appsmith-flaw-account-takeovers/,critical Vulnerability,
2026-01-22,LastPass Warns of Phishing Campaign Attempting to Steal Master Passwords,https://www.infosecurity-magazine.com/news/lastpass-phishing-master-passwords/,Phish,
2026-01-21,Phishing and Spoofed Sites Remain Primary Entry Points For Olympics,https://www.infosecurity-magazine.com/news/phishing-spoofed-sites-olympic/,Phish,
2026-01-21,Peruvian Loan Scam Harvests Cards and PINs via Fake Applications,https://www.infosecurity-magazine.com/news/loan-scam-harvests-cards-pins/,Phish,
2026-02-18,CISA Adds Two Known Exploited Vulnerabilities to Catalog,https://www.cisa.gov/news-events/alerts/2026/02/18/cisa-adds-two-known-exploited-vulnerabilities-catalog,"CVE-2021-22175, CVE-2026-22769, cve-2021-22175, cve-2026-22769",CVE-2021-22175->https://www.cve.org/CVERecord?id=CVE-2021-22175 | CVE-2026-22769->https://www.cve.org/CVERecord?id=CVE-2026-22769
2026-02-17,CISA Adds Four Known Exploited Vulnerabilities to Catalog,https://www.cisa.gov/news-events/alerts/2026/02/17/cisa-adds-four-known-exploited-vulnerabilities-catalog,"CVE-2008-0015, CVE-2020-7796, CVE-2024-7694, CVE-2026-2441, cve-2008-0015, cve-2020-7796, cve-2024-7694, cve-2026-2441",CVE-2008-0015->https://www.cve.org/CVERecord?id=CVE-2008-0015 | CVE-2020-7796->https://www.cve.org/CVERecord?id=CVE-2020-7796 | CVE-2024-7694->https://www.cve.org/CVERecord?id=CVE-2024-7694 | CVE-2026-2441->https://www.cve.org/CVERecord?id=CVE-2026-2441
2026-02-13,CISA Adds One Known Exploited Vulnerability to Catalog,https://www.cisa.gov/news-events/alerts/2026/02/13/cisa-adds-one-known-exploited-vulnerability-catalog,"CVE-2026-1731, cve-2026-1731",CVE-2026-1731->https://www.cve.org/CVERecord?id=CVE-2026-1731
2026-02-12,CISA Adds Four Known Exploited Vulnerabilities to Catalog,https://www.cisa.gov/news-events/alerts/2026/02/12/cisa-adds-four-known-exploited-vulnerabilities-catalog,"CVE-2024-43468, CVE-2025-15556, CVE-2025-40536, CVE-2026-20700, cve-2024-43468, cve-2025-15556, cve-2025-40536, cve-2026-20700",CVE-2024-43468->https://www.cve.org/CVERecord?id=CVE-2024-43468 | CVE-2025-15556->https://www.cve.org/CVERecord?id=CVE-2025-15556 | CVE-2025-40536->https://www.cve.org/CVERecord?id=CVE-2025-40536 | CVE-2026-20700->https://www.cve.org/CVERecord?id=CVE-2026-20700
2026-02-10,CISA Adds Six Known Exploited Vulnerabilities to Catalog,https://www.cisa.gov/news-events/alerts/2026/02/10/cisa-adds-six-known-exploited-vulnerabilities-catalog,"CVE-2026-21510, CVE-2026-21513, CVE-2026-21514, CVE-2026-21519, CVE-2026-21525, CVE-2026-21533, cve-2026-21510, cve-2026-21513, cve-2026-21514, cve-2026-21519, cve-2026-21525, cve-2026-21533",CVE-2026-21510->https://www.cve.org/CVERecord?id=CVE-2026-21510 | CVE-2026-21513->https://www.cve.org/CVERecord?id=CVE-2026-21513 | CVE-2026-21514->https://www.cve.org/CVERecord?id=CVE-2026-21514 | CVE-2026-21519->https://www.cve.org/CVERecord?id=CVE-2026-21519 | CVE-2026-21525->https://www.cve.org/CVERecord?id=CVE-2026-21525 | CVE-2026-21533->https://www.cve.org/CVERecord?id=CVE-2026-21533
2026-02-05,CISA Adds Two Known Exploited Vulnerabilities to Catalog,https://www.cisa.gov/news-events/alerts/2026/02/05/cisa-adds-two-known-exploited-vulnerabilities-catalog,"react, CVE-2025-11953, CVE-2026-24423, cve-2025-11953, cve-2026-24423",CVE-2025-11953->https://www.cve.org/CVERecord?id=CVE-2025-11953 | CVE-2026-24423->https://www.cve.org/CVERecord?id=CVE-2026-24423
2026-02-03,CISA Adds Four Known Exploited Vulnerabilities to Catalog,https://www.cisa.gov/news-events/alerts/2026/02/03/cisa-adds-four-known-exploited-vulnerabilities-catalog,"CVE-2019-19006, CVE-2021-39935, CVE-2025-40551, CVE-2025-64328, cve-2019-19006, cve-2021-39935, cve-2025-40551, cve-2025-64328",CVE-2019-19006->https://www.cve.org/CVERecord?id=CVE-2019-19006 | CVE-2021-39935->https://www.cve.org/CVERecord?id=CVE-2021-39935 | CVE-2025-40551->https://www.cve.org/CVERecord?id=CVE-2025-40551 | CVE-2025-64328->https://www.cve.org/CVERecord?id=CVE-2025-64328
2026-01-29,CISA Adds One Known Exploited Vulnerability to Catalog,https://www.cisa.gov/news-events/alerts/2026/01/29/cisa-adds-one-known-exploited-vulnerability-catalog,"CVE-2026-1281, cve-2026-1281",CVE-2026-1281->https://www.cve.org/CVERecord?id=CVE-2026-1281
2026-01-28,Fortinet Releases Guidance to Address Ongoing Exploitation of Authentication Bypass Vulnerability CVE-2026-24858,https://www.cisa.gov/news-events/alerts/2026/01/28/fortinet-releases-guidance-address-ongoing-exploitation-authentication-bypass-vulnerability-cve-2026,"CVE-2025-59718, CVE-2026-24858, cve-2026-24858, cve-2025-59718",CVE-2026-24858->https://www.cve.org/CVERecord?id=CVE-2026-24858 | CVE-2025-59718->https://www.cve.org/CVERecord?id=CVE-2025-59718 | CVE-2025-59718->https://www.cve.org/CVERecord?id=CVE-2025-59718 | CVE-2025-59718->https://www.cve.org/CVERecord?id=CVE-2025-59718 | CVE-2026-24858->https://www.cve.org/CVERecord?id=CVE-2026-24858 | CVE-2026-24858->https://www.cve.org/CVERecord?id=CVE-2026-24858
2026-01-27,CISA Adds One Known Exploited Vulnerability to Catalog,https://www.cisa.gov/news-events/alerts/2026/01/27/cisa-adds-one-known-exploited-vulnerability-catalog,"CVE-2026-24858, cve-2026-24858",CVE-2026-24858->https://www.cve.org/CVERecord?id=CVE-2026-24858
2026-01-26,CISA Adds Five Known Exploited Vulnerabilities to Catalog,https://www.cisa.gov/news-events/alerts/2026/01/26/cisa-adds-five-known-exploited-vulnerabilities-catalog,"CVE-2018-14634, CVE-2025-52691, CVE-2026-21509, CVE-2026-23760, CVE-2026-24061, cve-2018-14634, cve-2025-52691, cve-2026-21509, cve-2026-23760, cve-2026-24061",CVE-2018-14634->https://www.cve.org/CVERecord?id=CVE-2018-14634 | CVE-2025-52691->https://www.cve.org/CVERecord?id=CVE-2025-52691 | CVE-2026-21509->https://www.cve.org/CVERecord?id=CVE-2026-21509 | CVE-2026-23760->https://www.cve.org/CVERecord?id=CVE-2026-23760 | CVE-2026-24061->https://www.cve.org/CVERecord?id=CVE-2026-24061
2026-01-23,CISA Adds One Known Exploited Vulnerability to Catalog,https://www.cisa.gov/news-events/alerts/2026/01/23/cisa-adds-one-known-exploited-vulnerability-catalog,"Broadcom, CVE-2024-37079, cve-2024-37079",CVE-2024-37079->https://www.cve.org/CVERecord?id=CVE-2024-37079
2026-01-22,CISA Adds Four Known Exploited Vulnerabilities to Catalog,https://www.cisa.gov/news-events/alerts/2026/01/22/cisa-adds-four-known-exploited-vulnerabilities-catalog,"CVE-2025-31125, CVE-2025-34026, CVE-2025-54313, CVE-2025-68645, cve-2025-31125, cve-2025-34026, cve-2025-54313, cve-2025-68645",CVE-2025-31125->https://www.cve.org/CVERecord?id=CVE-2025-31125 | CVE-2025-34026->https://www.cve.org/CVERecord?id=CVE-2025-34026 | CVE-2025-54313->https://www.cve.org/CVERecord?id=CVE-2025-54313 | CVE-2025-68645->https://www.cve.org/CVERecord?id=CVE-2025-68645
2026-02-19,VShell and SparkRAT Observed in Exploitation of BeyondTrust Critical Vulnerability (CVE-2026-1731),https://unit42.paloaltonetworks.com/beyondtrust-cve-2026-1731/,"critical Vulnerability, CVE-2026-1731, critical vulnerability, cve-2026-1731",VShell and SparkRAT Observed in Exploitation of BeyondTrust Critical Vulnerability (CVE-2026-1731)->https://unit42.paloaltonetworks.com/beyondtrust-cve-2026-1731/ | VShell and SparkRAT Observed in Exploitation of BeyondTrust Critical Vulnerability (CVE-2026-1731)->https://unit42.paloaltonetworks.com/beyondtrust-cve-2026-1731/
2026-02-17,Critical Vulnerabilities in Ivanti EPMM Exploited,https://unit42.paloaltonetworks.com/ivanti-cve-2026-1281-cve-2026-1340/,CVE-2026-1281,
2026-02-13,Phishing on the Edge of the Web and Mobile Using QR Codes,https://unit42.paloaltonetworks.com/qr-codes-as-attack-vector/,"Phish, phish",Phishing on the Edge of the Web and Mobile Using QR Codes->https://unit42.paloaltonetworks.com/qr-codes-as-attack-vector/
2026-02-04,Why Smart People Fall For Phishing Attacks,https://unit42.paloaltonetworks.com/psychology-of-phishing/,"Phish, phish",Why Smart People Fall For Phishing Attacks->https://unit42.paloaltonetworks.com/psychology-of-phishing/
2026-01-22,The Next Frontier of Runtime Assembly Attacks: Leveraging LLMs to Generate Phishing JavaScript in Real Time,https://unit42.paloaltonetworks.com/real-time-malicious-javascript-through-llms/,"Phish, phish",The Next Frontier of Runtime Assembly Attacks: Leveraging LLMs to Generate Phishing JavaScript in Real Time->https://unit42.paloaltonetworks.com/real-time-malicious-javascript-through-llms/
2026-02-19,Arkanix Stealer: a C++ & Python infostealer,https://securelist.com/arkanix-stealer/119006/,"IOC, Phish",
2026-02-17,Divide and conquer: how the new Keenadu backdoor exposed links between major Android botnets,https://securelist.com/keenadu-android-backdoor/118913/,IOC,
2026-02-11,Spam and phishing in 2025,https://securelist.com/spam-and-phishing-report-2025/118785/,"hunting, CLOP, OpenAI, Phish, phish",Hoax.HTML.Phish->https://threats.kaspersky.com/en/threat/Hoax.HTML.Phish/
2026-02-05,Stan Ghouls targeting Russia and Uzbekistan with NetSupport RAT,https://securelist.com/stan-ghouls-in-uzbekistan/118738/,"IOC, Phish",
2026-02-03,The Notepad++ supply chain attack — unnoticed execution chains and new IoCs,https://securelist.com/notepad-supply-chain-attack/118708/,"IOC, hunting",
2026-01-29,Supply chain attack on eScan antivirus: detecting and remediating malicious updates,https://securelist.com/escan-supply-chain-attack/118688/,"IOC, indicator of compromise, hunting",
2026-01-27,HoneyMyte updates CoolClient and deploys multiple stealers in recent campaigns,https://securelist.com/honeymyte-updates-coolclient-uses-browser-stealers-and-scripts/118664/,hunting,
2026-02-17,AI in the Middle: Turning Web-Based AI Services into C2 Proxies & The Future Of AI Driven Attacks,https://research.checkpoint.com/2026/ai-in-the-middle-turning-web-based-ai-services-into-c2-proxies-the-future-of-ai-driven-attacks/,"hunting, OpenAI, Phish",
2026-02-16,16th February – Threat Intelligence Report,https://research.checkpoint.com/2026/16th-february-threat-intelligence-report/,"Zero Day, Phish, CVE-2026-21510, CVE-2026-1731",
2026-02-09,9th February – Threat Intelligence Report,https://research.checkpoint.com/2026/9th-february-threat-intelligence-report/,"akira, qilin, CL0P, CLOP, Phish, react, CVE-2025-8088, CVE-2026-1281, CVE-2025-11953",
2026-02-04,Amaranth-Dragon: Weaponizing CVE-2025-8088 for Targeted Espionage in the Southeast Asia,https://research.checkpoint.com/2026/amaranth-dragon-weaponizes-cve-2025-8088-for-targeted-espionage/,"IOC, Phish, CVE-2025-8088, cve-2025-8088",Amaranth-Dragon: Weaponizing CVE-2025-8088 for Targeted Espionage in the Southeast Asia->https://research.checkpoint.com/2026/amaranth-dragon-weaponizes-cve-2025-8088-for-targeted-espionage/ | Amaranth-Dragon: Weaponizing CVE-2025-8088 for Targeted Espionage in the Southeast Asia->https://research.checkpoint.com/2026/amaranth-dragon-weaponizes-cve-2025-8088-for-targeted-espionage/
2026-02-02,2nd February – Threat Intelligence Report,https://research.checkpoint.com/2026/2nd-february-threat-intelligence-report/,"qilin, Phish, CVE-2025-8088, CVE-2026-23760, CVE-2026-24858, CVE-2026-24423",
2026-01-26,26th January – Threat Intelligence Report,https://research.checkpoint.com/2026/26th-january-threat-intelligence-report/,"Phish, CVE-2025-59718",
2026-01-22,KONNI Adopts AI to Generate PowerShell Backdoors,https://research.checkpoint.com/2026/konni-targets-developers-with-ai-malware/,"IOC, Phish",
2026-02-19,How Security Tool Misuse Is Reshaping Cloud Compromise,https://blog.qualys.com/category/qualys-insights,Salesforce,
2026-02-18,New: AI-Powered Patch Reliability Scoring—Predict Patch Impact Before You Deploy,https://blog.qualys.com/category/product-tech,critical Vulnerability,
2026-02-12,"Active Directory Attacks Demystified: Pass-the-Hash (PtH), Pass-the-Ticket (PtT), and Beyond",https://blog.qualys.com/category/product-tech,"Phish, react",
2026-02-10,"Microsoft and Adobe Patch Tuesday, February 2026 Security Update Review",https://blog.qualys.com/category/vulnerabilities-threat-research,"CVE-2026-21510, CVE-2026-21513, CVE-2026-21514, CVE-2026-21519, CVE-2026-21525, CVE-2026-21533, cve-2026-21519, cve-2026-21533, cve-2026-21510, cve-2026-21514, cve-2026-21525, cve-2026-21513",CVE-2026-21519: Desktop Windows Manager Elevation of Privilege Vulnerability->https://msrc.microsoft.com/update-guide/en-US/vulnerability/CVE-2026-21519 | CVE-2026-21533: Windows Remote Desktop Services Elevation of Privilege Vulnerability->https://msrc.microsoft.com/update-guide/en-US/vulnerability/CVE-2026-21533 | CVE-2026-21510: Windows Shell Security Feature Bypass Vulnerability->https://msrc.microsoft.com/update-guide/en-US/vulnerability/CVE-2026-21510 | CVE-2026-21514: Microsoft Word Security Feature Bypass Vulnerability->https://msrc.microsoft.com/update-guide/en-US/vulnerability/CVE-2026-21514 | CVE-2026-21525: Windows Remote Access Connection Manager Denial of Service Vulnerability->https://msrc.microsoft.com/update-guide/en-US/vulnerability/CVE-2026-21525 | CVE-2026-21513: MSHTML Framework Security Feature Bypass Vulnerability->https://msrc.microsoft.com/update-guide/en-US/vulnerability/CVE-2026-21513
2026-02-02,Mutagen Astronomy: From Discovery to CISA Recognition—A Seven-Year Journey,https://blog.qualys.com/category/vulnerabilities-threat-research,"react, affirm, CVE-2017-1000253, CVE-2019-10149, CVE-2020-7247, CVE-2021-3156, CVE-2021-4034, CVE-2023-4911, CVE-2018-14634, cve-2018-14634, cve-2017-1000253, cve-2019-10149, cve-2020-7247, cve-2021-3156, cve-2021-4034, cve-2023-4911",the Cybersecurity and Infrastructure Security Agency (CISA) added CVE-2018-14634 to its Known Exploited Vulnerabilities (KEV) catalog->https://www.cisa.gov/news-events/alerts/2026/01/26/cisa-adds-five-known-exploited-vulnerabilities-catalog | Linux PIE/stack corruption (CVE-2017-1000253)->https://threatprotect.qualys.com/2017/09/26/linux-piestack-corruption-cve-20171000253/ | Mutagen Astronomy (CVE-2018-14634)->https://www.qualys.com/2018/09/25/cve-2018-14634/mutagen-astronomy-integer-overflow-linux-create_elf_tables-cve-2018-14634.txt | The Return of the WIZard (CVE-2019-10149)->https://blog.qualys.com/vulnerabilities-threat-research/2019/06/14/exim-mta-vulnerability-the-return-of-the-wizard-cve-2019-10149 | OpenSMTPD (CVE-2020-7247)->https://blog.qualys.com/vulnerabilities-threat-research/2020/01/29/openbsd-opensmtpd-remote-code-execution-vulnerability-cve-2020-7247 | Baron Samedit (CVE-2021-3156)->https://blog.qualys.com/vulnerabilities-threat-research/2021/01/26/cve-2021-3156-heap-based-buffer-overflow-in-sudo-baron-samedit | PwnKit (CVE-2021-4034)->https://blog.qualys.com/vulnerabilities-threat-research/2022/01/25/pwnkit-local-privilege-escalation-vulnerability-discovered-in-polkits-pkexec-cve-2021-4034 | Looney Tunables (CVE-2023-4911)->https://blog.qualys.com/vulnerabilities-threat-research/2023/10/03/cve-2023-4911-looney-tunables-local-privilege-escalation-in-the-glibcs-ld-so
2026-01-30,ROC vs. CTEM: How a Risk Operations Center Evolves Beyond Continuous Threat Exposure Management in 2026,https://blog.qualys.com/category/qualys-insights,"critical Vulnerability, react",
2026-01-29,Top 10 Cloud Compliance Tools for Enterprise Security and Audit Readiness in 2026,https://blog.qualys.com/category/product-tech,ServiceNow,
2026-02-17,Shadow Agents: How SentinelOne Secures the AI Tools That Act Like Users,https://www.sentinelone.com/blog/how-sentinelone-secures-the-ai-tools-that-act-like-users/,hunting,
2026-02-13,"The Good, the Bad and the Ugly in Cybersecurity – Week 7",https://www.sentinelone.com/blog/the-good-the-bad-and-the-ugly-in-cybersecurity-week-7-7/,"Canada, Phish, phish",phishing->https://www.sentinelone.com/cybersecurity-101/threat-intelligence/phishing-scams/
2026-02-09,ClawSec: Hardening OpenClaw Agents from the Inside Out,https://www.sentinelone.com/blog/clawsec-hardening-openclaw-agents-from-the-inside-out/,react,
2026-02-06,"The Good, the Bad and the Ugly in Cybersecurity – Week 6",https://www.sentinelone.com/blog/the-good-the-bad-and-the-ugly-in-cybersecurity-week-6-7/,"Salesforce, Phish",
2026-01-30,"The Good, the Bad and the Ugly in Cybersecurity – Week 5",https://www.sentinelone.com/blog/the-good-the-bad-and-the-ugly-in-cybersecurity-week-5-7/,"Phish, CVE-2026-21509, phish, cve-2026-21509",phishing->https://www.sentinelone.com/cybersecurity-101/threat-intelligence/phishing-scams/ | CVE-2026-21509->https://nvd.nist.gov/vuln/detail/CVE-2026-21509
2026-01-23,"The Good, the Bad and the Ugly in Cybersecurity – Week 4",https://www.sentinelone.com/blog/the-good-the-bad-and-the-ugly-in-cybersecurity-week-4-7/,"hunting, lazarus",
2026-02-20,Facebook ads spread fake Windows 11 downloads that steal passwords and crypto wallets,https://www.malwarebytes.com/blog/scams/2026/02/facebook-ads-spread-fake-windows-11-downloads-that-steal-passwords-and-crypto-wallets,"IOC, Phish",
2026-02-19,Intimate products maker Tenga spilled customer data,https://www.malwarebytes.com/blog/news/2026/02/intimate-products-producer-tenga-spilled-customer-data,Phish,
2026-02-18,Betterment data breach might be worse than we thought,https://www.malwarebytes.com/blog/news/2026/02/betterment-data-breach-might-be-worse-than-we-thought,Phish,
2026-02-18,Job scam uses fake Google Forms site to harvest Google logins,https://www.malwarebytes.com/blog/scams/2026/02/job-scam-uses-fake-google-forms-site-to-harvest-google-logins,"IOC, Phish",
2026-02-18,Scammers use fake “Gemini” AI chatbot to sell fake “Google Coin”,https://www.malwarebytes.com/blog/ai/2026/02/scammers-use-fake-gemini-ai-chatbot-to-sell-fake-google-coin,"IOC, OpenAI",
2026-02-17,Scam Guard for desktop: A second set of eyes for suspicious moments,https://www.malwarebytes.com/blog/product/2026/02/scam-guard-for-desktop-a-second-set-of-eyes-for-suspicious-moments,"Phish, react",
2026-02-17,Update Chrome now: Zero-day bug allows code execution via malicious webpages,https://www.malwarebytes.com/blog/news/2026/02/update-chrome-now-zero-day-bug-allows-code-execution-via-malicious-webpages,CVE-2026-2441,
2026-02-13,Fake shops target Winter Olympics 2026 fans,https://www.malwarebytes.com/blog/scams/2026/02/fake-shops-target-winter-olympics-2026-fans,"Phish, phish",phishing emails->https://www.malwarebytes.com/phishing | generate convincing phishing pages->https://www.malwarebytes.com/blog/news/2026/02/criminals-are-using-ai-website-builders-to-clone-major-brands
2026-02-12,"Outlook add-in goes rogue and steals 4,000 credentials and payment data",https://www.malwarebytes.com/blog/news/2026/02/outlook-add-in-goes-rogue-and-steals-4000-credentials-and-payment-data,"Canadian, Phish",
2026-02-12,Apple patches zero-day flaw that could let attackers take control of devices,https://www.malwarebytes.com/blog/news/2026/02/apple-patches-zero-day-flaw-that-could-let-attackers-take-control-of-devices,"CVE-2025-14174, CVE-2025-43529, CVE-2026-20700, cve-2026-20700, cve-2025-14174, cve-2025-43529",CVE-2026-20700->https://www.cve.org/CVERecord?id=CVE-2026-20700 | CVE-2025-14174->https://www.cve.org/CVERecord?id=CVE-2025-14174 | CVE-2025-43529->https://www.cve.org/CVERecord?id=CVE-2025-43529
2026-02-12,Criminals are using AI website builders to clone major brands,https://www.malwarebytes.com/blog/news/2026/02/criminals-are-using-ai-website-builders-to-clone-major-brands,"Phish, react, phish",phishing->https://www.malwarebytes.com/phishing | One analysis of AI‑assisted phishing campaigns->https://unit42.paloaltonetworks.com/genai-phishing-bait/
2026-02-11,February 2026 Patch Tuesday includes six actively exploited zero-days,https://www.malwarebytes.com/blog/news/2026/02/february-2026-patch-tuesday-includes-six-actively-exploited-zero-days,"Phish, CVE-2026-21510, CVE-2026-21513, CVE-2026-21514, CVE-2026-21519, CVE-2026-21525, CVE-2026-21533, cve-2026-21510, cve-2026-21513, cve-2026-21514, cve-2026-21519, cve-2026-21525, cve-2026-21533",CVE-2026-21510->https://www.cve.org/CVERecord?id=CVE-2026-21510 | CVE-2026-21513->https://www.cve.org/CVERecord?id=CVE-2026-21513 | CVE-2026-21514->https://www.cve.org/CVERecord?id=CVE-2026-21514 | CVE-2026-21519->https://www.cve.org/CVERecord?id=CVE-2026-21519 | CVE-2026-21525->https://www.cve.org/CVERecord?id=CVE-2026-21525 | CVE-2026-21533->https://www.cve.org/CVERecord?id=CVE-2026-21533
2026-02-20,Top of the World Treatment Center Settles Alleged Risk Analysis HIPAA Violation,https://www.hipaajournal.com/top-of-the-world-treatment-center-hipaa-settlement/,"Phish, phish",phishing incident->https://www.hipaajournal.com/tallahassee-memorial-healthcare-patient-data-stolen-in-cyberattack/
2026-02-19,Data Shows Elevenfold Increase in Data-only Extortion Attacks,https://www.hipaajournal.com/data-shows-elevenfold-increase-data-only-extortion-attacks/,"qilin, Phish, Lockbit",
2026-02-19,Best-in-Class 'Starkiller' Phishing Kit Bypasses MFA,https://www.darkreading.com/threat-intelligence/starkiller-phishing-kit-mfa,Phish,
2026-02-19,"Daily Dose of Dark Web Informer - February 19th, 2026",https://darkwebinformer.com/daily-dose-of-dark-web-informer-february-19th-2026/,"IOC, qilin, sinobi",Willow Construction LLC has fallen victim to Qilin Ransomware->https://x.com/DarkWebInformer/status/2024535677627466035?s=20 | Kroll International has fallen victim to Qilin Ransomware->https://x.com/DarkWebInformer/status/2024536187214483461?s=20 | Telecare Corporation has fallen victim to Qilin Ransomware->https://x.com/DarkWebInformer/status/2024556943315259673?s=20 | Sinobi Ransomware Claims 4 Victims->https://x.com/DarkWebInformer/status/2024615457865470393?s=20
2026-02-19,INTERPOL's Operation Red Card 2.0 Nets 651 Arrests Across Africa,https://darkwebinformer.com/interpols-operation-red-card-2-0-nets-651-arrests-across-africa/,Phish,
2026-02-19,Alleged Data Breach of the National Bank of Ukraine Souvenir Coin Service Exposes 1.5 Million Records,https://darkwebinformer.com/alleged-data-breach-of-the-national-bank-of-ukraine-souvenir-coin-service-exposes-1-5-million-records/,IOC,
2026-02-18,"Daily Dose of Dark Web Informer - February 18th, 2026",https://darkwebinformer.com/daily-dose-of-dark-web-informer-february-18th-2026/,"IOC, qilin",Diversified Supply Inc. has fallen victim to Qilin Ransomware->https://x.com/DarkWebInformer/status/2024179512334815698?s=20
2026-02-18,Alleged Auction of Domain Admin Access to Peruvian Logistics Company Worth $10 Million,https://darkwebinformer.com/alleged-auction-of-domain-admin-access-to-peruvian-logistics-company-worth-10-million/,IOC,
2026-02-17,"Daily Dose of Dark Web Informer - February 17th, 2026",https://darkwebinformer.com/daily-dose-of-dark-web-informer-february-17th-2026/,"IOC, genesis",Genesis Ransomware has listed six new alleged victims->https://x.com/DarkWebInformer/status/2023889208096813095?s=20
2026-02-17,ClawWork: An Economic Survival Benchmark That Makes AI Agents Earn Their Keep,https://darkwebinformer.com/clawwork-an-economic-survival-benchmark-that-makes-ai-agents-earn-their-keep/,"OpenAI, react",
2026-02-16,Threat Actor Claims Sale of 13.6 Million Records from Russian EdTech Platform Foxford,https://darkwebinformer.com/threat-actor-claims-sale-of-13-6-million-records-from-russian-edtech-platform-foxford/,IOC,
2026-02-16,Google Chrome Zero-Day Exploited in the Wild: Use-After-Free in CSS Enables Remote Code Execution (CVE-2026-2441),https://darkwebinformer.com/google-chrome-zero-day-exploited-in-the-wild-use-after-free-in-css-enables-remote-code-execution-cve-2026-2441/,"CVE-2026-2441, cve-2026-2441",NVD — CVE-2026-2441->https://nvd.nist.gov/vuln/detail/CVE-2026-2441 | The Cyber Express — Chrome RCE Flaw CVE-2026-2441 Exploited in Wild->https://thecyberexpress.com/cve-2026-2441-google-chrome/
2026-02-15,Brutus: Praetorian's Zero-Dependency Credential Testing Tool Takes Aim at Hydra,https://darkwebinformer.com/brutus-praetorians-zero-dependency-credential-testing-tool-takes-aim-at-hydra/,MongoDB,
2026-02-19,China-Linked Hackers Use Dell RecoverPoint Flaw to Drop GrimBolt Malware,https://hackread.com/china-hackers-dell-recoverpoint-flaw-grimbolt-malware/,CVE-2026-22769,
2026-02-19,"The Week in Vulnerabilities: SolarWinds, Ivanti, and Critical ICS Exposure",https://cyble.com/blog/cyble-weekly-vulnerability-report-feb-19/,"CVE-2026-21509, CVE-2026-24423, CVE-2026-21510",
2026-02-19,India’s AI Revolution: Why This Is India’s Most Significant Moment,https://cyble.com/blog/india-ai-security-revolution-rising-threats/,Phish,
2026-02-16,How the Protective Security Policy Framework Shapes Australia’s Commonwealth Cyber Security Strategy,https://cyble.com/blog/2025-commonwealth-cyber-security-pspf-update/,Phish,
2026-02-12,When AI Secrets Go Public: The Rising Risk of Exposed ChatGPT API Keys,https://cyble.com/blog/when-ai-secrets-go-public-chatgpt/,"OpenAI, Phish",
2026-02-11,The US False Claims Act Becomes a Cybersecurity Enforcement Engine,https://cyble.com/blog/false-claims-act-cybersecurity-enforcement/,affirm,
2026-02-10,"The Week in Vulnerabilities: SolarWinds, AI Fixes Urged by Cyble",https://cyble.com/blog/cyble-report-ics-vulnerabilities-ransomware-risk/,"critical Vulnerability, react, CVE-2024-30088, CVE-2024-49039, CVE-2024-51567, CVE-2024-9680, CVE-2025-22225, CVE-2025-8088, CVE-2026-1281, CVE-2021-39935, CVE-2025-40551, CVE-2025-11953, CVE-2026-24423, cve-2025-40551, cve-2026-1281, cve-2021-39935, cve-2025-11953, cve-2025-8088, cve-2025-22225, cve-2026-24423, cve-2024-30088, cve-2024-9680, cve-2024-51567, cve-2024-49039",CVE-2025-40551->https://nvd.nist.gov/vuln/detail/cve-2025-40551 | CVE-2026-1281->https://nvd.nist.gov/vuln/detail/CVE-2026-1281 | CVE-2021-39935->https://nvd.nist.gov/vuln/detail/cve-2021-39935 | CVE-2025-11953->https://nvd.nist.gov/vuln/detail/CVE-2025-11953 | CVE-2025-8088->https://nvd.nist.gov/vuln/detail/CVE-2025-8088 | CVE-2025-22225->https://nvd.nist.gov/vuln/detail/CVE-2025-22225 | CVE-2026-24423->https://nvd.nist.gov/vuln/detail/CVE-2026-24423 | CVE-2025-22225->https://nvd.nist.gov/vuln/detail/CVE-2025-22225 | CVE-2024-30088->https://nvd.nist.gov/vuln/detail/cve-2024-30088 | CVE-2024-9680->https://nvd.nist.gov/vuln/detail/cve-2024-9680 | CVE-2024-51567->https://nvd.nist.gov/vuln/detail/CVE-2024-51567 | CVE-2024-49039->https://nvd.nist.gov/vuln/detail/CVE-2024-49039
2026-02-04,Ransomware Attacks Have Surged 30% Since Q4 2025,https://cyble.com/blog/ransomware-groups-q4-2025-cyble-report/,"Canada, akira, qilin, sinobi, Everest, CL0P",
2026-02-03,The Week in Vulnerabilities: Open-Sources Fixes Urged by Cyble,https://cyble.com/blog/top-it-vulnerabilities-weekly-cyble/,"CVE-2025-8088, CVE-2025-68645, CVE-2026-24061, CVE-2026-24858, CVE-2026-1281, cve-2025-8088, cve-2026-24858, cve-2025-68645, cve-2026-1281, cve-2026-24061",CVE-2025-8088->https://nvd.nist.gov/vuln/detail/CVE-2025-8088 | CVE-2026-24858->https://nvd.nist.gov/vuln/detail/CVE-2026-24858 | CVE-2025-68645->https://nvd.nist.gov/vuln/detail/CVE-2025-68645 | CVE-2026-1281->https://nvd.nist.gov/vuln/detail/CVE-2026-1281 | CVE-2026-24061->https://nvd.nist.gov/vuln/detail/CVE-2026-24061
2026-02-19,Forescout research points to record number of ICS vulnerabilities in 2025,https://www.itsecurityguru.org/2026/02/19/forescout-research-points-to-record-number-of-ics-vulnerabilities-in-2025/?utm_source=rss&utm_medium=rss&utm_campaign=forescout-research-points-to-record-number-of-ics-vulnerabilities-in-2025,react,
2026-02-18,"Cybercrime Goes Corporate: Huntress Report Reveals Rise of Scalable, Stealth-First Attacks",https://www.itsecurityguru.org/2026/02/18/cybercrime-goes-corporate-huntress-report-reveals-rise-of-scalable-stealth-first-attacks/?utm_source=rss&utm_medium=rss&utm_campaign=cybercrime-goes-corporate-huntress-report-reveals-rise-of-scalable-stealth-first-attacks,"akira, qilin, Phish",
2026-02-17,"Next Gen Spotlights: Trailblazing A Mindful, People-First Approach to Cyber – Q&A with Cyber Innovations Ltd.",https://www.itsecurityguru.org/2026/02/17/next-gen-spotlights-trailblazing-a-mindful-people-first-approach-to-cyber-qa-with-cyber-innovations-ltd/?utm_source=rss&utm_medium=rss&utm_campaign=next-gen-spotlights-trailblazing-a-mindful-people-first-approach-to-cyber-qa-with-cyber-innovations-ltd,Phish,
2026-02-17,When DORA Goes From Afterthought to Commercial Imperative,https://www.itsecurityguru.org/2026/02/17/when-dora-goes-from-afterthought-to-commercial-imperative/?utm_source=rss&utm_medium=rss&utm_campaign=when-dora-goes-from-afterthought-to-commercial-imperative,react,
2026-02-13,Valentine’s Day: Cyber Experts Heed Caution When Looking For Love (and Gifts) Online,https://www.itsecurityguru.org/2026/02/13/valentines-day-cyber-experts-heed-caution-when-looking-for-love-and-gifts-online/?utm_source=rss&utm_medium=rss&utm_campaign=valentines-day-cyber-experts-heed-caution-when-looking-for-love-and-gifts-online,Phish,
2026-02-13,KnowBe4 Appoints Kelly Morgan as Chief Customer Officer to Drive Global Customer Lifecycle Strategy,https://www.itsecurityguru.org/2026/02/13/knowbe4-appoints-kelly-morgan-as-chief-customer-officer-to-drive-global-customer-lifecycle-strategy/?utm_source=rss&utm_medium=rss&utm_campaign=knowbe4-appoints-kelly-morgan-as-chief-customer-officer-to-drive-global-customer-lifecycle-strategy,Phish,
2026-02-13,Check Point Sets Out Four-Pillar Blueprint for Securing the AI-Driven Enterprise,https://www.itsecurityguru.org/2026/02/13/check-point-sets-out-four-pillar-blueprint-for-securing-the-ai-driven-enterprise/?utm_source=rss&utm_medium=rss&utm_campaign=check-point-sets-out-four-pillar-blueprint-for-securing-the-ai-driven-enterprise,CLOP,
2026-02-20,KI und Komplexität als Brandbeschleuniger für Cyberkriminelle,https://www.csoonline.com/article/4135199/ki-und-komplexitat-als-brandbeschleuniger-fur-cyberkriminelle.html,Phish,
2026-02-20,PayPal launches latest struggle to get rid of SMS for MFA,https://www.csoonline.com/article/4134258/paypal-launches-latest-struggle-to-get-rid-of-sms-for-mfa.html,"Phish, react",
2026-02-20,New phishing campaign tricks employees into bypassing Microsoft 365 MFA,https://www.csoonline.com/article/4134874/new-phishing-campaign-tricks-employees-into-bypassing-microsoft-365-mfa.html,"Canadian, Phish, phish",wrote about device code phishing in 2020->https://blog.knowbe4.com/watch-out-for-oauth-phishing-attacks-and-how-you-can-stay-safe | In a blog about device code phishing->https://blog.knowbe4.com/what-is-device-code-phishing
2026-02-19,Cybersicherheit braucht Reife und keine Checklisten,https://www.csoonline.com/article/4133975/cybersicherheit-braucht-reife-und-keine-checklisten.html,Phish,
2026-02-18,Chinese hackers exploited zero-day Dell RecoverPoint flaw for 1.5 years,https://www.csoonline.com/article/4134158/chinese-hackers-exploited-zero-day-dell-recoverpoint-flaw-for-1-5-years.html,"critical Vulnerability, apt27, silk typhoon, unc5221, react, CVE-2026-22769, cve-2026-22769, critical vulnerability",CVE-2026-22769->https://nvd.nist.gov/vuln/detail/CVE-2026-22769 | discovered the critical vulnerability->https://cloud.google.com/blog/topics/threat-intelligence/unc6201-exploiting-dell-recoverpoint-zero-day | Silk Typhoon->https://www.csoonline.com/article/3840546/chinese-apt-silk-typhoon-exploits-it-supply-chain-weaknesses-for-initial-access.html
2026-02-18,Flaws in four popular VS Code extensions left 128 million installs open to attack,https://www.csoonline.com/article/4133800/flaws-in-four-popular-vs-code-extensions-left-128-million-installs-open-to-attack.html,Phish,
2026-02-18,A new approach for GenAI risk protection,https://www.csoonline.com/article/4133243/a-new-approach-for-genai-risk-protection.html,OpenAI,
2026-02-20,Hackers Exploit Critical BeyondTrust Vulnerability to Deploy VShell and SparkRAT,https://gbhackers.com/beyondtrust-vulnerability/,"critical Vulnerability, CVE-2026-1731",
2026-02-20,Ongoing Campaign Targets Microsoft 365 to Steal OAuth Tokens for Persistent Access,https://gbhackers.com/microsoft-365-to-steal-oauth-tokens/,Phish,
2026-02-10,"Patch Tuesday, February 2026 Edition",https://krebsonsecurity.com/2026/02/patch-tuesday-february-2026-edition/,"CVE-2026-21509, CVE-2026-21510, CVE-2026-21513, CVE-2026-21514, CVE-2026-21519, CVE-2026-21525, CVE-2026-21533, cve-2026-21510, cve-2026-21513, cve-2026-21514, cve-2026-21533, cve-2026-21519, cve-2026-21525, cve-2026-21509",CVE-2026-21510->https://msrc.microsoft.com/update-guide/en-US/advisory/CVE-2026-21510 | CVE-2026-21513->https://msrc.microsoft.com/update-guide/en-US/advisory/CVE-2026-21513 | CVE-2026-21514->https://msrc.microsoft.com/update-guide/en-US/advisory/CVE-2026-21514 | CVE-2026-21533->https://msrc.microsoft.com/update-guide/en-US/advisory/CVE-2026-21533 | CVE-2026-21519->https://msrc.microsoft.com/update-guide/en-US/advisory/CVE-2026-21519 | CVE-2026-21525->https://msrc.microsoft.com/update-guide/vulnerability/CVE-2026-21525 | CVE-2026-21509->https://msrc.microsoft.com/update-guide/en-US/advisory/CVE-2026-21509
2026-02-02,Please Don’t Feed the Scattered Lapsus ShinyHunters,https://krebsonsecurity.com/2026/02/please-dont-feed-the-scattered-lapsus-shiny-hunters/,Phish,
2026-01-26,Who Operates the Badbox 2.0 Botnet?,https://krebsonsecurity.com/2026/01/who-operates-the-badbox-2-0-botnet/,hunting,
2026-01-27,"The AI Fix #85: ChatGPT gets ads, pets get AI therapists, and everyone’s wrong about LLMs",https://grahamcluley.com/the-ai-fix-85/,OpenAI,
2026-02-20,"ThreatsDay Bulletin: OpenSSL RCE, Foxit 0-Days, Copilot Leak, AI Password Flaws & 20+ Stories",https://thecyberpost.com/news/hackers/threatsday-bulletin-openssl-rce-foxit-0-days-copilot-leak-ai-password-flaws-20-stories/,"Canada, IOC, WSUS, Phish, Lockbit, CVE-2026-1281, CVE-2021-22175, cve-2026-1281",CVE-2026-1281 and CVE-2026-1340->https://thehackernews.com/2026/02/83-of-ivanti-epmm-exploits-linked-to.html
2026-02-14,"ThreatsDay Bulletin: AI Prompt RCE, Claude 0-Click, RenEngine Loader, Auto 0-Days & 25+ Stories",https://thecyberpost.com/news/hackers/threatsday-bulletin-ai-prompt-rce-claude-0-click-renengine-loader-auto-0-days-25-stories/,"Canada, critical Vulnerability, Phish, CVE-2026-24061, cve-2026-24061",CVE-2026-24061->https://thehackernews.com/2026/01/critical-gnu-inetutils-telnetd-flaw.html
2026-02-11,Warlock Ransomware Breaches SmarterTools Through Unpatched SmarterMail Server,https://thecyberpost.com/news/hackers/warlock-ransomware-breaches-smartertools-through-unpatched-smartermail-server/,"CVE-2025-52691, CVE-2026-23760, CVE-2026-24423, cve-2025-52691, cve-2026-23760, cve-2026-24423",CVE-2025-52691->https://thehackernews.com/2025/12/csa-issues-alert-on-critical.html | CVE-2026-23760->https://thehackernews.com/2026/01/smartermail-auth-bypass-exploited-in.html | CVE-2026-24423->https://thehackernews.com/2026/01/smartermail-fixes-critical.html
2026-02-11,Reynolds Ransomware Embeds BYOVD Driver to Disable EDR Security Tools,https://thecyberpost.com/news/hackers/reynolds-ransomware-embeds-byovd-driver-to-disable-edr-security-tools/,"akira, qilin, sinobi, Broadcom, Phish, Lockbit, phish, lockbit",high-volume phishing campaign->https://www.forcepoint.com/blog/x-labs/phorpiex-global-group-ransomware-lnk-phishing | LockBit 5.0->https://thehackernews.com/2025/10/lockbit-qilin-and-dragonforce-join.html
2026-02-10,TeamPCP Worm Exploits Cloud Infrastructure to Build Criminal Infrastructure,https://thecyberpost.com/news/hackers/teampcp-worm-exploits-cloud-infrastructure-to-build-criminal-infrastructure/,"Canada, React2shell, react, CVE-2025-55182, react2shell",React2Shell->https://thehackernews.com/2026/02/hackers-exploit-react2shell-to-hijack.html | React2Shell->https://thehackernews.com/2026/02/hackers-exploit-react2shell-to-hijack.html
2026-02-10,"Bloody Wolf Targets Uzbekistan, Russia Using NetSupport RAT in Spear-Phishing Campaign",https://thecyberpost.com/news/hackers/bloody-wolf-targets-uzbekistan-russia-using-netsupport-rat-in-spear-phishing-campaign/,"Phish, Lockbit",
2026-02-06,"ThreatsDay Bulletin: Codespaces RCE, AsyncRAT C2, BYOVD Abuse, AI Cloud Intrusions & 15+ Stories",https://thecyberpost.com/news/hackers/threatsday-bulletin-codespaces-rce-asyncrat-c2-byovd-abuse-ai-cloud-intrusions-15-stories/,"hunting, lazarus, CL0P, Phish, sonicwall",
2026-02-16,Google Fixes First Chrome Zero-Day of 2026,https://cybersafe.news/google-fixes-first-chrome-zero-day-of-2026/,CVE-2026-2441,
2026-02-11,Dutch Govt hit by Ivanti EPMM breach,https://cybersafe.news/dutch-govt-hit-by-ivanti-epmm-breach/,Phish,
2026-02-19,Texas Sues TP-Link Over Alleged Security Risks and Supply Chain Deception,https://www.esecurityplanet.com/threats/texas-sues-tp-link-over-alleged-security-risks-and-supply-chain-deception/,CVE-2023-1389,
2026-02-19,MCP Servers Expose a Hidden AI Attack Surface in Enterprise Environments,https://www.esecurityplanet.com/threats/mcp-servers-expose-a-hidden-ai-attack-surface-in-enterprise-environments/,Phish,
2026-02-19,Ivanti EPMM Vulnerabilities Actively Exploited in the Wild,https://www.esecurityplanet.com/threats/ivanti-epmm-vulnerabilities-actively-exploited-in-the-wild/,"Canada, hunting, CVE-2026-1281, cve-2026-1281",CVE-2026-1281->https://www.esecurityplanet.com/threats/ivanti-fixes-actively-exploited-rce-flaws-in-endpoint-manager-mobile/
2026-02-18,Zero-Day in Dell RecoverPoint Enables GRIMBOLT Backdoor,https://www.esecurityplanet.com/threats/zero-day-in-dell-recoverpoint-enables-grimbolt-backdoor/,"CVE-2026-22769, cve-2026-22769",CVE-2026-22769->https://nvd.nist.gov/vuln/detail/CVE-2026-22769
2026-02-18,Booking.com Phishing Campaign Hijacks Hotel Accounts to Defraud Guests,https://www.esecurityplanet.com/threats/booking-com-phishing-campaign-hijacks-hotel-accounts-to-defraud-guests/,"Phish, phish",phishing->https://www.esecurityplanet.com/threats/phishing-evolves-into-multi-platform-fraud-systems/ | Booking.com Phishing Campaign Hijacks Hotel Accounts to Defraud Guests->https://www.esecurityplanet.com/threats/booking-com-phishing-campaign-hijacks-hotel-accounts-to-defraud-guests/ | Booking.com Phishing Campaign Hijacks Hotel Accounts to Defraud Guests->https://www.esecurityplanet.com/threats/booking-com-phishing-campaign-hijacks-hotel-accounts-to-defraud-guests/
2026-02-17,Japan’s Washington Hotel Reports Ransomware Attack,https://www.esecurityplanet.com/threats/japans-washington-hotel-reports-ransomware-attack/,Phish,
2026-02-20,"651 arrested, $4.3 million recovered in African cybercrime sweep",https://www.helpnetsecurity.com/2026/02/20/interpol-operation-red-card-2-0-africa-cybercrime/,Phish,
2026-02-20,"The Cyber Express Weekly Roundup: AI Disruption, Regulatory Pressure, and the Evolving Cyber Threat Landscape",https://thecyberexpress.com/ai-deepfakes-ransomware-weekly-roundup/,"Phish, phish",phishing->https://cyble.com/knowledge-hub/what-is-phishing/ | phishing->https://cyble.com/knowledge-hub/what-is-phishing/
2026-02-20,French National Bank Authority Breach Exposed 1.2 Million Accounts,https://thecyberexpress.com/french-national-bank-authority-breach/,"Phish, phish",phishing->https://cyble.com/knowledge-hub/what-is-phishing/ | phishing->https://cyble.com/knowledge-hub/what-is-phishing/
2026-02-20,"Two Petabytes Worth Data of Israeli’s Siphoned, Says Cyber Head",https://thecyberexpress.com/israel-data-breach-incd-head/,"Phish, phish",phishing attacks->https://thecyberexpress.com/targeted-phishing-attacks-hit-swiss-users/ | phishing attacks->https://thecyberexpress.com/targeted-phishing-attacks-hit-swiss-users/
2026-02-19,"First Android Malware Weaponizes Gemini AI to Evade Detection, Maintain Persistence",https://thecyberexpress.com/first-android-malware-promptspy/,"Phish, phish",phishing->https://cyble.com/knowledge-hub/what-is-phishing/ | phishing->https://cyble.com/knowledge-hub/what-is-phishing/
2026-02-19,Critical Security Flaws Discovered in Four VS Code Extensions Affecting Millions,https://thecyberexpress.com/vs-code-extensions-supply-chain-security-flaws/,"CVE-2025-52691, CVE-2026-2441",
2026-02-19,Mozilla Firefox Issues Emergency Patch for Heap Buffer Overflow in Firefox v147,https://thecyberexpress.com/firefox-v147-cve-2026-2447/,critical Vulnerability,
2026-02-03,When Documents Become Attack Vectors,https://news.aliasrobotics.com/when-documents-become-attack-vectors/,react,
2026-01-22,Cybersecurity Superintelligence: beyond the human execution bottleneck,https://news.aliasrobotics.com/cybersecurity-superintelligence-beyond-the-human-execution-bottleneck/,react,
2026-02-20,BeyondTrust Vulnerability Exploited in Ransomware Attacks,https://www.securityweek.com/beyondtrust-vulnerability-exploited-in-ransomware-attacks/,CVE-2026-1731,
2026-02-19,OpenClaw Security Issues Continue as SecureClaw Open Source Tool Debuts,https://www.securityweek.com/openclaw-security-issues-continue-as-secureclaw-open-source-tool-debuts/,OpenAI,
2026-02-18,SNMP Monitoring for Reliable Network Performance and Visibility,https://blog.comodo.com/network-security/snmp-monitoring/,react,
2026-02-18,Building Resilient Operations With Incident Management Software,https://blog.comodo.com/it-management/incident-management-software/,react,
2026-02-17,Building Operational Excellence With an ITIL Aligned Service Desk,https://blog.comodo.com/it-security/itil-aligned-service-desk/,react,
2026-02-17,Strengthening Enterprise Security With Linux Endpoint Monitoring,https://blog.comodo.com/endpoint-security/linux-endpoint-monitoring/,react,
2026-02-12,Network Device Monitoring for Smarter Performance and Stronger Security,https://blog.comodo.com/network-security/network-device-monitoring/,react,
2026-02-12,Unified Endpoint Management for Secure and Scalable Device Control,https://blog.comodo.com/endpoint-security/unified-endpoint-management/,react,
2026-02-11,IT Help Desk Software for Streamlined Support and Stronger Operations,https://blog.comodo.com/it-security/it-help-desk-software/,react,
2026-02-11,Choosing Endpoint Security Vendors for Stronger Cyber Defense,https://blog.comodo.com/endpoint-security/endpoint-security-vendors/,Phish,
2026-02-10,Understanding the Role of an RMM Agent in Modern Endpoint Control,https://blog.comodo.com/pc-security/rmm-agent/,react,
2026-02-05,AI Change Management in a Rapidly Evolving Digital Landscape,https://blog.comodo.com/others/ai-change-management/,react,
2026-02-04,RMM Software and Its Role in Modern Endpoint Oversight,https://blog.comodo.com/pc-security/rmm-software/,react,
2026-02-02,Building Stronger Cyber Resilience With Automated Patch Management Software,https://blog.comodo.com/pc-security/automated-patch-management-software/,react,
2026-01-30,Strengthening Cyber Defense With Endpoint Security Services,https://blog.comodo.com/endpoint-security/endpoint-security-services/,"Phish, react",
2026-01-29,RMM System for Proactive IT Operations and Endpoint Control,https://blog.comodo.com/pc-security/rmm-system/,react,
2026-01-27,Mac Patch Management for Secure and Scalable Apple Environments,https://blog.comodo.com/pc-security/mac-patch-management/,react,
2026-01-22,Understanding What RMM Stands For in Modern Technology Operations,https://blog.comodo.com/pc-security/what-does-rmm-stand-for/,react,
2026-02-20,CharlieKirk Grabber Stealer Attacking Windows Systems to Exfiltrate Login Credentials,https://cybersecuritynews.com/charliekirk-grabber-stealer-attacking-windows-systems/,"IOC, Phish",
2026-02-20,PoC Released for Critical Chrome 0-day Vulnerability Exploited in the Wild,https://cybersecuritynews.com/chrome-0-day-vulnerability-poc/,"Phish, CVE-2026-2441, cve-2026-2441",CISA has added CVE-2026-2441 to its Known Exploited Vulnerabilities (KEV) catalog->https://cybersecuritynews.com/google-chromium-0-day-vulnerability/
2026-02-20,PoC Released for Windows Notepad Vulnerability that Enables Malicious Command Execution,https://cybersecuritynews.com/poc-windows-notepad-vulnerability/,"Zero Day, zero day",According to the Zero Day Initiative write-up->https://www.zerodayinitiative.com/blog/2026/2/19/cve-2026-20841-arbitrary-code-execution-in-the-windows-notepad
2026-02-20,Hackers Actively Exploiting Critical BeyondTrust Vulnerability to Deploy VShell and SparkRAT,https://cybersecuritynews.com/hackers-actively-exploiting-critical-beyondtrust-vulnerability/,"Canada, critical Vulnerability, apt27, silk typhoon, CVE-2024-12356, CVE-2026-1731",Silk Typhoon->https://cybersecuritynews.com/microsoft-warns-of-silk-typhoon-hackers/
2026-02-02,"Arti 2.0.0 released: Relay, directory authority, and RPC development.",https://blog.torproject.org/arti_2_0_0_released/,react,circuit reactor architecture->https://gitlab.torproject.org/tpo/core/arti/-/blob/a63c96bdc62fc088affa565be61c0215830b870e/doc/dev/notes/relay-conflux.md | circuit reactor architecture->https://gitlab.torproject.org/tpo/core/arti/-/blob/a63c96bdc62fc088affa565be61c0215830b870e/doc/dev/notes/relay-conflux.md
2026-02-03,Advancing Zero Trust Private Cloud with vDefend Lateral Security,https://blogs.vmware.com/security/2026/02/zero-trust-journey-vdefend.html,"Broadcom, PWC",
2026-02-17,A New Denial-of-Service Vector in React Server Components,https://www.imperva.com/blog/a-new-denial-of-service-vector-in-react-server-components/,react,A New Denial-of-Service Vector in React Server Components->https://www.imperva.com/blog/a-new-denial-of-service-vector-in-react-server-components/ | A New Denial-of-Service Vector in React Server Components->https://www.imperva.com/blog/a-new-denial-of-service-vector-in-react-server-components/
2026-01-26,Imperva Customers Protected Against CVE-2026-21962 in Oracle HTTP and WebLogic,https://www.imperva.com/blog/imperva-customers-protected-against-cve-2026-21962-in-oracle-http-and-weblogic/,"CVE-2026-21962, cve-2026-21962",CVE-2026-21962->https://nvd.nist.gov/vuln/detail/CVE-2026-21962 | Imperva Customers Protected Against CVE-2026-21962 in Oracle HTTP and WebLogic->https://www.imperva.com/blog/imperva-customers-protected-against-cve-2026-21962-in-oracle-http-and-weblogic/ | Imperva Customers Protected Against CVE-2026-21962 in Oracle HTTP and WebLogic->https://www.imperva.com/blog/imperva-customers-protected-against-cve-2026-21962-in-oracle-http-and-weblogic/
2026-02-17,Introducing Unit 42 Managed XSIAM 2.0,https://www.paloaltonetworks.com/blog/2026/02/introducing-unit-42-managed-xsiam-2-0/,"hunting, react",
2026-02-17,2026 Unit 42 Global Incident Response Report — Attacks Now 4x Faster,https://www.paloaltonetworks.com/blog/2026/02/unit-42-global-ir-report/,Phish,
2026-02-12,When Security Becomes an Afterthought,https://www.paloaltonetworks.com/blog/2026/02/when-security-becomes-an-afterthought/,react,
2026-02-11,Securing Every Identity in the Age of AI,https://www.paloaltonetworks.com/blog/2026/02/securing-every-identity-in-the-age-of-ai/,react,
2026-02-05,The Power of Glean and Prisma AIRS Integration,https://www.paloaltonetworks.com/blog/2026/02/power-of-glean-and-prisma-airs-integration/,Phish,
2026-02-03,Empowering the RAF Association with Next-Generation Cyber Resilience,https://www.paloaltonetworks.com/blog/2026/02/raf-association-next-generation-cyber-resilience/,react,
2026-01-28,"2026 Public Sector Cyber Outlook: Identity, AI and the Fight for Trust",https://www.paloaltonetworks.com/blog/2026/01/public-sector-cyber-outlook/,Phish,
2026-02-19,Phishing via Google Tasks | Kaspersky official blog,https://www.kaspersky.com/blog/google-tasks-phishing/55326/,"Phish, phish",collection of posts on the red flags of phishing->https://www.kaspersky.com/blog/tag/signs-of-phishing/
2026-02-13,"How tech is rewiring romance: dating apps, AI relationships, and emoji | Kaspersky official blog",https://www.kaspersky.com/blog/how-technology-changes-love/55283/,Phish,
2026-02-12,"I bought, I saw, I attended: a quick guide to staying scam-free at the Olympics | Kaspersky official blog",https://www.kaspersky.com/blog/winter-olympics-scam-2026/55269/,Phish,
2026-02-11,Quick digest of Kaspersky’s report “Spam and Phishing in 2025” | Kaspersky official blog,https://www.kaspersky.com/blog/spam-and-phishing-2025/55295/,"CLOP, OpenAI, Phish, phish",Spam and Phishing in 2025->https://securelist.com/spam-and-phishing-report-2025/118785/ | What happens to data stolen using phishing?->https://www.kaspersky.com/blog/what-happens-to-data-after-phishing/54968/ | How phishers and scammers use AI->https://www.kaspersky.com/blog/ai-phishing-and-scams/54445/ | full analysis of the phishing and spam threat landscape->https://securelist.com/spam-and-phishing-report-2025/118785/ | Phishing 101: what to do if you get a phishing email->https://www.kaspersky.com/blog/how-to-deal-with-email-phishing/53990/ | A new layer of anti-phishing security in Kaspersky for Android->https://www.kaspersky.com/blog/notification-listener-in-kaspersky-for-android/54466/
2026-02-10,New OpenClaw AI agent found unsafe for use | Kaspersky official blog,https://www.kaspersky.com/blog/openclaw-vulnerabilities-exposed/55263/,hunting,
2026-02-09,Which cybersecurity terms your management might be misinterpreting,https://www.kaspersky.com/blog/language-of-risk-key-cybersecurity-terms-for-the-board/55258/,"critical Vulnerability, CLOP, Phish",
2026-02-06,How to protect yourself from deepfake scammers and save your money | Kaspersky official blog,https://www.kaspersky.com/blog/how-to-recognize-a-deepfake/55247/,"Phish, phish",How phishers and scammers use AI->https://www.kaspersky.com/blog/ai-phishing-and-scams/54445/
2026-02-05,SIEM Rules for detecting exploitation of vulnerabilities in FortiCloud SSO,https://www.kaspersky.com/blog/forticloud-authentication-siem-rules/55241/,"IOC, hunting, CVE-2025-59718, CVE-2026-24858, cve-2025-59718, cve-2026-24858",CVE-2025-59718->https://www.cve.org/CVERecord?id=CVE-2025-59718 | CVE-2026-24858->https://www.cve.org/CVERecord?id=CVE-2026-24858
2026-02-02,How does cyberthreat attribution help in practice?,https://www.kaspersky.com/blog/practical-value-of-cyberthreat-attribution/55217/,"IOC, hunting, CVE-2021-40449",
2026-02-20,A $10K Bounty Awaits Anyone Who Can Hack Ring Cameras to Stop Sharing Data With Amazon,https://www.wired.com/story/a-10k-bounty-awaits-anyone-who-can-hack-ring-cameras-to-stop-sharing-data-with-amazon/,hunting,
2026-02-17,Dark Web Profile: Sinobi Ransomware,https://socradar.io/blog/dark-web-profile-sinobi-ransomware/,"Canada, IOC, akira, sinobi, Phish, sonicwall, CVE-2024-40766, CVE-2024-53704, cve-2024-40766, phish",SonicWall SSL VPN authentication->https://socradar.io/blog/ivanti-zero-day-in-connect-secure-sonicwall-ssl-vpn/ | CVE-2024-40766->https://socradar.io/blog/akira-ransomware-targets-sonicwall-vulnerability-cve-2024-40766-immediate-patching-required/ | Phishing->https://socradar.io/glossary/phishing/
2026-02-17,"Public Elasticsearch Instances Expose 43M+ Records Including Credentials, Credit Cards, and Customer Data",https://socradar.io/blog/elasticsearch-instances-43m-records-data/,"Phish, react, phish",Spear-phishing->https://socradar.io/blog/how-to-identify-spear-phishing-attacks/
2026-02-17,What U.S. CISOs Should Track in Early 2026?,https://socradar.io/blog/what-us-cisos-should-track-in-early-2026/,"Phish, phish",phishing->https://socradar.io/glossary/phishing/
2026-02-16,Political DDoS Pivots to Japan: Weekly DDoS Threat Intelligence Analysis,https://socradar.io/blog/japan-under-ddos-16-feb26/,Canada,
2026-02-16,CVE-2026-2441: Chrome Zero-Day Enables In-Sandbox Code Execution,https://socradar.io/blog/cve-2026-2441-chrome-0-day-sandbox-code-execution/,"react, CVE-2026-2441",
2026-02-16,Operation DoppelBrand: Massive Fortune 500 Brand Impersonation Campaign Uncovered,https://socradar.io/blog/operation-doppelbrand-fortune-500-campaign/,"IOC, hunting, Phish, phish",phishing->https://socradar.io/glossary/phishing/
2026-02-16,Alleged Discord Exploit Sale & WormGPT Database Leak Detected,https://socradar.io/blog/discord-sale-wormgpt-database/,"Phish, phish",phishing->https://socradar.io/glossary/phishing/
2026-02-13,Top Nation-State Cyber Threats Targeting the United States,https://socradar.io/blog/nation-state-cyber-threats-target-united-states/,"Phish, phish",phishing kits->https://socradar.io/blog/what-is-a-phishing-kit/ | spearphishing->https://socradar.io/blog/how-to-identify-spear-phishing-attacks/
2026-02-13,AI-Driven Threats Targeting U.S. Organizations,https://socradar.io/blog/ai-driven-threats-targeting-u-s-organizations/,"OpenAI, Phish, react, openai, phish",OpenAI’s June 2025 report->https://openai.com/global-affairs/disrupting-malicious-uses-of-ai-june-2025/?utm_source=chatgpt.com | phishing->https://socradar.io/glossary/phishing/ | AI-generated phishing and impersonation->https://socradar.io/blog/different-kinds-of-impersonating-phishing-and-domain-squatting/ | Spearphishing->https://socradar.io/blog/how-to-identify-spear-phishing-attacks/
2026-02-11,N-Day Vulnerability Trends: The Shrinking Window of Exposure and the Rise of “Turn-Key” Exploitation,https://flashpoint.io/blog/n-day-vulnerability-trends-turn-key-exploitation/,"lazarus, react",
2026-02-05,Cyber and Physical Risks Targeting the 2026 Winter Olympics,https://flashpoint.io/blog/cyber-physical-risks-targeting-2026-winter-olympics/,"Phish, phish",phishing->https://flashpoint.io/intelligence-101/phishing/
2026-02-05,Flashpoint’s Threat Intelligence Capability Assessment,https://flashpoint.io/blog/threat-intelligence-capability-assessment/,react,
2026-02-04,Protecting the Big Game: A Threat Assessment for Super Bowl LX,https://flashpoint.io/blog/protecting-the-big-game-a-threat-assessment-for-super-bowl-lx/,Phish,
2026-01-29,The Five Phases of the Threat Intelligence Lifecycle,https://flashpoint.io/blog/threat-intelligence-lifecycle/,"Phish, react",
2026-02-20,ABAR S.p.A. By qilin,https://www.ransomlook.io//group/qilin,qilin,
2026-02-20,Gentegra By sinobi,https://www.ransomlook.io//group/sinobi,sinobi,
2026-02-20,Graymatter By sinobi,https://www.ransomlook.io//group/sinobi,sinobi,
2026-02-19,Iblesoft By sinobi,https://www.ransomlook.io//group/sinobi,sinobi,
2026-02-19,Paisley Products of Canada By play,https://www.ransomlook.io//group/play,Canada,
2026-02-19,The Corradino Group By qilin,https://www.ransomlook.io//group/qilin,qilin,
2026-02-19,Saltech Systems By sinobi,https://www.ransomlook.io//group/sinobi,sinobi,
2026-02-19,Electriduct By sinobi,https://www.ransomlook.io//group/sinobi,sinobi,
2026-02-19,Mayfair Hotels & Resorts By sinobi,https://www.ransomlook.io//group/sinobi,sinobi,
2026-02-19,Kroll International By qilin,https://www.ransomlook.io//group/qilin,qilin,
2026-02-19,Telecare By qilin,https://www.ransomlook.io//group/qilin,qilin,
2026-02-19,Kensington HPP By qilin,https://www.ransomlook.io//group/qilin,qilin,
2026-02-19,Willow Construction By qilin,https://www.ransomlook.io//group/qilin,qilin,
2026-02-19,Graneles de Chile By qilin,https://www.ransomlook.io//group/qilin,qilin,
2026-02-17,"Fake Incident Report Used in Phishing Campaign, (Tue, Feb 17th)",https://isc.sans.edu/diary/rss/32722,Phish,
2026-02-12,Reconnaissance Has Begun for the New BeyondTrust RCE (CVE-2026-1731): Here's What We See So Far,https://www.greynoise.io/blog/reconnaissance-beyondtrust-rce-cve-2026-1731,CVE-2026-1731,
2026-02-10,Active Ivanti Exploitation Traced to Single Bulletproof IP—Published IOC Lists Point Elsewhere,https://www.greynoise.io/blog/active-ivanti-exploitation,IOC,
2026-02-02,React Server Components Exploitation Consolidates as Two IPs Generate Majority of Attack Traffic,https://www.greynoise.io/blog/react2shell-exploitation-consolidates,"react, CVE-2025-55182",
